bulan,cabang_olahraga,event_olahraga,nomor_pertandingan,nama_peraih_medali,medali,jumlah
5,Aquatic,Invitasi Aquatic 2018 (Loncat Indah dan Renang Indah),Various,Various,emas,30
5,Aquatic,Invitasi Aquatic 2018 (Loncat Indah dan Renang Indah),Various,Various,perak,30
5,Aquatic,Invitasi Aquatic 2018 (Loncat Indah dan Renang Indah),Various,Various,perunggu,30
10,Atletik,Kejuaraan AtletikTerbuka,Various,Atlet AtletikPelatda DKI,emas,40
10,Atletik,Kejuaraan AtletikTerbuka,Various,Atlet AtletikPelatda DKI,perak,40
10,Atletik,Kejuaraan AtletikTerbuka,Various,Atlet AtletikPelatda DKI,perunggu,40
5,Atletik,Kejurnas U18 dan U20 Jakarta 2018,Various,Atlet PPLM DKI,emas,17
5,Atletik,Kejurnas U18 dan U20 Jakarta 2018,Various,Atlet PPLM DKI,perak,17
5,Atletik,Kejurnas U18 dan U20 Jakarta 2018,Various,Atlet PPLM DKI,perunggu,6
10,Atletik,Kejuaraan AtletikOpen 2018,Various,Atlet AtletikPelatda DKI,emas,3
3,Atletik,Canadian Open Masters Indoor Athletics,60 meter ,Dedeh Erawati,emas,1
3,Atletik,Canadian Open Masters Indoor Athletics,60 meter Lari Gawang,Dedeh Erawati,emas,1
3,Atletik,USATF Master Open Indoor Athletics,60 meter ,Dedeh Erawati,emas,1
3,Atletik,USATF Master Open Indoor Athletics,60 meter Lari Gawang,Dedeh Erawati,emas,1
5,Atletik,Kejurnas Antar PPLP/D 2018,100 meter Lari Gawang,Liza Putri,emas,1
5,Atletik,Kejurnas Antar PPLP/D 2018,5000 meter Jalan Cepat,Yosep,emas,1
5,Atletik,Kejurnas Antar PPLP/D 2018,200 meter ,Moren Febiola,emas,1
5,Atletik,Kejurnas Antar PPLP/D 2018,400 meter Lari Gawang,Marlitha Hayun,emas,1
5,Atletik,Kejurnas Antar PPLP/D 2018,Lontar Martil,Atheba Keisya,emas,1
7,Atletik,Asian School Games,100 meter Lari Gawang,Liza Putri,emas,1
7,Atletik,Kejuaraan AtletikJateng Open 2018,100 meter Lari Gawang,Ken Ayu Tahay,emas,1
7,Atletik,Kejuaraan AtletikJateng Open 2018,100 meter,Yuliana,emas,1
7,Atletik,Kejuaraan AtletikJateng Open 2018,5000 meter,Odekta Naibaho,emas,1
7,Atletik,Kejuaraan AtletikJateng Open 2018,Lompat Tinggi,Rizky Gusyafa,emas,1
7,Atletik,Kejuaraan AtletikJateng Open 2018,Lompat Tinggi,Nadia,emas,1
2,Atletik,Test Event Asian Games 2018,100 meter Lari Gawang,Emilia Nova,perak,1
5,Atletik,Kejurnas Antar PPLP/D 2018,Lompat Jauh,Omega Mutiara,perak,1
5,Atletik,Kejurnas Antar PPLP/D 2018,Lompat Tinggi Galah,Fendy Irsyad,perak,1
5,Atletik,Kejurnas Antar PPLP/D 2018,100 meter Lari Gawang,Beatrix,perak,1
5,Atletik,Kejurnas Antar PPLP/D 2018,400 meter Lari Gawang,Anastasya ,perak,1
7,Atletik,Kejuaraan AtletikJateng Open 2018,Lempar Lembing,Nadira Napisatul,perak,1
8,Atletik,Asian Games  XVII/2018,100 meter Lari Gawang,Emilia Nova,perak,1
8,Atletik,Asian Games  XVII/2018,Beregu 4x100 meter,Bayu Kertanegara,perak,1
10,Atletik,Kejuaraan AtletikOpen 2018,Various,Atlet AtletikPelatda DKI,perak,1
12,Atletik,Kejuaraan AtletikPiala Panglima TNI 2018,Various,Atlet AtletikPPOP,perak,1
2,Atletik,Test Event Asian Games 2018,Lompat Tinggi Galah,Nadia,perunggu,1
2,Atletik,Test Event Asian Games 2018,10 meter Lompat Tinggi,Rizky Gusyafa,perunggu,1
5,Atletik,Kejurnas Antar PPLP/D 2018,Lontar Martil,Nabila,perunggu,1
7,Atletik,Kejuaraan AtletikJateng Open 2018,Lompat Tinggi,Noval,perunggu,1
12,Atletik,Kejuaraan AtletikPiala Panglima TNI 2018,Various,Atlet AtletikPPOP,perunggu,1
2,Atletik,Test Event Asian Games 2018,Lompat Tinggi Galah,Nadia,emas,0
2,Atletik,Test Event Asian Games 2018,100 meter Lari Gawang,Emilia Nova,emas,0
2,Atletik,Test Event Asian Games 2018,10 meter Lompat Tinggi,Rizky Gusyafa,emas,0
5,Atletik,Kejurnas Antar PPLP/D 2018,Lompat Jauh,Omega Mutiara,emas,0
5,Atletik,Kejurnas Antar PPLP/D 2018,Lompat Tinggi Galah,Fendy Irsyad,emas,0
5,Atletik,Kejurnas Antar PPLP/D 2018,100 meter Lari Gawang,Beatrix,emas,0
5,Atletik,Kejurnas Antar PPLP/D 2018,400 meter Lari Gawang,Anastasya ,emas,0
5,Atletik,Kejurnas Antar PPLP/D 2018,Lontar Martil,Nabila,emas,0
7,Atletik,Kejuaraan AtletikJateng Open 2018,Lempar Lembing,Nadira Napisatul,emas,0
7,Atletik,Kejuaraan AtletikJateng Open 2018,Lompat Tinggi,Noval,emas,0
8,Atletik,Asian Games  XVII/2018,100 meter Lari Gawang,Emilia Nova,emas,0
8,Atletik,Asian Games  XVII/2018,Beregu 4x100 meter,Bayu Kertanegara,emas,0
12,Atletik,Kejuaraan AtletikPiala Panglima TNI 2018,Various,Atlet AtletikPPOP,emas,0
2,Atletik,Test Event Asian Games 2018,Lompat Tinggi Galah,Nadia,perak,0
2,Atletik,Test Event Asian Games 2018,10 meter Lompat Tinggi,Rizky Gusyafa,perak,0
3,Atletik,Canadian Open Masters Indoor Athletics,60 meter ,Dedeh Erawati,perak,0
3,Atletik,Canadian Open Masters Indoor Athletics,60 meter Lari Gawang,Dedeh Erawati,perak,0
3,Atletik,USATF Master Open Indoor Athletics,60 meter ,Dedeh Erawati,perak,0
3,Atletik,USATF Master Open Indoor Athletics,60 meter Lari Gawang,Dedeh Erawati,perak,0
5,Atletik,Kejurnas Antar PPLP/D 2018,100 meter Lari Gawang,Liza Putri,perak,0
5,Atletik,Kejurnas Antar PPLP/D 2018,5000 meter Jalan Cepat,Yosep,perak,0
5,Atletik,Kejurnas Antar PPLP/D 2018,200 meter ,Moren Febiola,perak,0
5,Atletik,Kejurnas Antar PPLP/D 2018,400 meter Lari Gawang,Marlitha Hayun,perak,0
5,Atletik,Kejurnas Antar PPLP/D 2018,Lontar Martil,Atheba Keisya,perak,0
5,Atletik,Kejurnas Antar PPLP/D 2018,Lontar Martil,Nabila,perak,0
7,Atletik,Asian School Games,100 meter Lari Gawang,Liza Putri,perak,0
7,Atletik,Kejuaraan AtletikJateng Open 2018,100 meter Lari Gawang,Ken Ayu Tahay,perak,0
7,Atletik,Kejuaraan AtletikJateng Open 2018,100 meter,Yuliana,perak,0
7,Atletik,Kejuaraan AtletikJateng Open 2018,5000 meter,Odekta Naibaho,perak,0
7,Atletik,Kejuaraan AtletikJateng Open 2018,Lompat Tinggi,Rizky Gusyafa,perak,0
7,Atletik,Kejuaraan AtletikJateng Open 2018,Lompat Tinggi,Nadia,perak,0
7,Atletik,Kejuaraan AtletikJateng Open 2018,Lompat Tinggi,Noval,perak,0
2,Atletik,Test Event Asian Games 2018,100 meter Lari Gawang,Emilia Nova,perunggu,0
3,Atletik,Canadian Open Masters Indoor Athletics,60 meter ,Dedeh Erawati,perunggu,0
3,Atletik,Canadian Open Masters Indoor Athletics,60 meter Lari Gawang,Dedeh Erawati,perunggu,0
3,Atletik,USATF Master Open Indoor Athletics,60 meter ,Dedeh Erawati,perunggu,0
3,Atletik,USATF Master Open Indoor Athletics,60 meter Lari Gawang,Dedeh Erawati,perunggu,0
5,Atletik,Kejurnas Antar PPLP/D 2018,100 meter Lari Gawang,Liza Putri,perunggu,0
5,Atletik,Kejurnas Antar PPLP/D 2018,5000 meter Jalan Cepat,Yosep,perunggu,0
5,Atletik,Kejurnas Antar PPLP/D 2018,200 meter ,Moren Febiola,perunggu,0
5,Atletik,Kejurnas Antar PPLP/D 2018,400 meter Lari Gawang,Marlitha Hayun,perunggu,0
5,Atletik,Kejurnas Antar PPLP/D 2018,Lontar Martil,Atheba Keisya,perunggu,0
5,Atletik,Kejurnas Antar PPLP/D 2018,Lompat Jauh,Omega Mutiara,perunggu,0
5,Atletik,Kejurnas Antar PPLP/D 2018,Lompat Tinggi Galah,Fendy Irsyad,perunggu,0
5,Atletik,Kejurnas Antar PPLP/D 2018,100 meter Lari Gawang,Beatrix,perunggu,0
5,Atletik,Kejurnas Antar PPLP/D 2018,400 meter Lari Gawang,Anastasya ,perunggu,0
7,Atletik,Asian School Games,100 meter Lari Gawang,Liza Putri,perunggu,0
7,Atletik,Kejuaraan AtletikJateng Open 2018,100 meter Lari Gawang,Ken Ayu Tahay,perunggu,0
7,Atletik,Kejuaraan AtletikJateng Open 2018,100 meter,Yuliana,perunggu,0
7,Atletik,Kejuaraan AtletikJateng Open 2018,5000 meter,Odekta Naibaho,perunggu,0
7,Atletik,Kejuaraan AtletikJateng Open 2018,Lompat Tinggi,Rizky Gusyafa,perunggu,0
7,Atletik,Kejuaraan AtletikJateng Open 2018,Lompat Tinggi,Nadia,perunggu,0
7,Atletik,Kejuaraan AtletikJateng Open 2018,Lempar Lembing,Nadira Napisatul,perunggu,0
8,Atletik,Asian Games  XVII/2018,100 meter Lari Gawang,Emilia Nova,perunggu,0
8,Atletik,Asian Games  XVII/2018,Beregu 4x100 meter,Bayu Kertanegara,perunggu,0
10,Atletik,Kejuaraan AtletikOpen 2018,Various,Atlet AtletikPelatda DKI,perunggu,0
5,Atletik,Kejurnas Antar PPLP/D 2018,4x400 meter Estafet,Liza Putri,emas,
5,Atletik,Kejurnas Antar PPLP/D 2018,4x400 meter Estafet,Liza Putri,perak,
5,Atletik,Kejurnas Antar PPLP/D 2018,4x400 meter Estafet,Liza Putri,perunggu,
11,Atletik,Kejuaraan AtletikBulanan 2018,Various,Various,emas,280
11,Atletik,Kejuaraan AtletikBulanan 2018,Various,Various,perak,280
11,Atletik,Kejuaraan AtletikBulanan 2018,Various,Various,perunggu,280
12,Bola Basket,Hatcher Holiday Hoops Invitational Open 2018,Beregu Putri ,Atlet Bola Basket Pelatda DKI,perak,1
12,Bola Basket,Hatcher Holiday Hoops Invitational Open 2018,Beregu Putri ,Atlet Bola Basket Pelatda DKI,emas,0
12,Bola Basket,Hatcher Holiday Hoops Invitational Open 2018,Beregu Putri ,Atlet Bola Basket Pelatda DKI,perunggu,0
10,Bola Voli,Invitasi Voli Piala Gubernur 2018,Various,Various,emas,28
10,Bola Voli,Invitasi Voli Piala Gubernur 2018,Various,Various,perak,28
10,Bola Voli,Invitasi Voli Piala Gubernur 2018,Various,Various,perunggu,28
9,Bola Voli,Bola Voli Piala Gubernur 2018,Beregu,Atlet Bola Voli PPOP,emas,2
9,Bola Voli,Bola Voli Piala Gubernur 2018,Beregu,Atlet Bola Voli PPOP,perak,2
9,Bola Voli,Bola Voli Piala Gubernur 2018,Beregu,Atlet Bola Voli PPOP,perunggu,2
8,Bola Voli,Kejurnas Antar PPLP/D 2018,Beregu Putri,Atlet Bola Voli PPOP,emas,1
7,Bola Voli,Asian School Games,Beregu Putra,Atlet Bola Voli PPOP,perak,1
8,Bola Voli,21th Thailand School Games,Beregu Putra,Atlet Bola Voli PPOP,perak,1
7,Bola Voli,Asian School Games,Beregu Putra,Atlet Bola Voli PPOP,emas,0
8,Bola Voli,21th Thailand School Games,Beregu Putra,Atlet Bola Voli PPOP,emas,0
8,Bola Voli,Kejurnas Antar PPLP/D 2018,Beregu Putri,Atlet Bola Voli PPOP,perak,0
7,Bola Voli,Asian School Games,Beregu Putra,Atlet Bola Voli PPOP,perunggu,0
8,Bola Voli,21th Thailand School Games,Beregu Putra,Atlet Bola Voli PPOP,perunggu,0
8,Bola Voli,Kejurnas Antar PPLP/D 2018,Beregu Putri,Atlet Bola Voli PPOP,perunggu,0
11,Bulutangkis,Badminton Sister City Championship 2018,Various,Atlet Bulutangkis PPOP DKI,emas,10
11,Bulutangkis,Badminton Sister City Championship 2018,Various,Atlet Bulutangkis PPOP DKI,perak,10
11,Bulutangkis,Badminton Sister City Championship 2018,Various,Atlet Bulutangkis PPOP DKI,perunggu,10
1,Bulutangkis,Daihatsu Indonesia Masters 2018,Ganda Putra,Marcus Fernaldi Gideon,emas,1
2,Bulutangkis,India Open,Ganda Putra,Marcus Fernaldi Gideon,emas,1
3,Bulutangkis,All England 2018,Ganda Putra,Marcus Fernaldi Gideon dan Kevin Sanjaya,emas,1
8,Bulutangkis,Asian Sport Junior Exchange 2018,Beregu,Beregu,emas,1
8,Bulutangkis,Asian Games  XVII/2018,Tunggal Putra,Jonatan Christie,emas,1
8,Bulutangkis,Asian Games  XVII/2018,Ganda Putra,Marcus Fernandi Gideon,emas,1
1,Bulutangkis,Daihatsu Indonesia Masters 2018,Ganda Putri,Greysia Polii dan Apriyani,perak,1
8,Bulutangkis,Asian Games  XVII/2018,Ganda Putra,M. Fajar Ardianto,perak,1
11,Bulutangkis,5th Asia Pacific Deaf Badminton Championship U21,Various,Atlet Disabilitas DKI,perak,1
3,Bulutangkis,Kejuaraan Bulutangkis Astec Open,U17 Tunggal Remaja Putri,Shakira Salsabila,perunggu,1
8,Bulutangkis,Asian Games  XVII/2018,Ganda Putri,Greysia Polii dan Apriyani,perunggu,1
11,Bulutangkis,Asian Junior Sport Exchange Games 2018,Various,Atlet Bulutangkis PPOP DKI,perunggu,1
1,Bulutangkis,Daihatsu Indonesia Masters 2018,Ganda Putri,Greysia Polii dan Apriyani,emas,0
3,Bulutangkis,Kejuaraan Bulutangkis Astec Open,U17 Tunggal Remaja Putri,Shakira Salsabila,emas,0
8,Bulutangkis,Asian Games  XVII/2018,Ganda Putra,M. Fajar Ardianto,emas,0
8,Bulutangkis,Asian Games  XVII/2018,Ganda Putri,Greysia Polii dan Apriyani,emas,0
11,Bulutangkis,5th Asia Pacific Deaf Badminton Championship U21,Various,Atlet Disabilitas DKI,emas,0
11,Bulutangkis,Asian Junior Sport Exchange Games 2018,Various,Atlet Bulutangkis PPOP DKI,emas,0
1,Bulutangkis,Daihatsu Indonesia Masters 2018,Ganda Putra,Marcus Fernaldi Gideon,perak,0
2,Bulutangkis,India Open,Ganda Putra,Marcus Fernaldi Gideon,perak,0
3,Bulutangkis,All England 2018,Ganda Putra,Marcus Fernaldi Gideon dan Kevin Sanjaya,perak,0
3,Bulutangkis,Kejuaraan Bulutangkis Astec Open,U17 Tunggal Remaja Putri,Shakira Salsabila,perak,0
8,Bulutangkis,Asian Sport Junior Exchange 2018,Beregu,Beregu,perak,0
8,Bulutangkis,Asian Games  XVII/2018,Tunggal Putra,Jonatan Christie,perak,0
8,Bulutangkis,Asian Games  XVII/2018,Ganda Putra,Marcus Fernandi Gideon,perak,0
8,Bulutangkis,Asian Games  XVII/2018,Ganda Putri,Greysia Polii dan Apriyani,perak,0
11,Bulutangkis,Asian Junior Sport Exchange Games 2018,Various,Atlet Bulutangkis PPOP DKI,perak,0
1,Bulutangkis,Daihatsu Indonesia Masters 2018,Ganda Putra,Marcus Fernaldi Gideon,perunggu,0
1,Bulutangkis,Daihatsu Indonesia Masters 2018,Ganda Putri,Greysia Polii dan Apriyani,perunggu,0
2,Bulutangkis,India Open,Ganda Putra,Marcus Fernaldi Gideon,perunggu,0
3,Bulutangkis,All England 2018,Ganda Putra,Marcus Fernaldi Gideon dan Kevin Sanjaya,perunggu,0
8,Bulutangkis,Asian Sport Junior Exchange 2018,Beregu,Beregu,perunggu,0
8,Bulutangkis,Asian Games  XVII/2018,Tunggal Putra,Jonatan Christie,perunggu,0
8,Bulutangkis,Asian Games  XVII/2018,Ganda Putra,Marcus Fernandi Gideon,perunggu,0
8,Bulutangkis,Asian Games  XVII/2018,Ganda Putra,M. Fajar Ardianto,perunggu,0
11,Bulutangkis,5th Asia Pacific Deaf Badminton Championship U21,Various,Atlet Disabilitas DKI,perunggu,0
8,Bulutangkis,Asian Games  XVII/2018,Beregu Putra,Jonatan Christie,emas,
8,Bulutangkis,Asian Games  XVII/2018,Beregu Putri,Fitriani,emas,
8,Bulutangkis,Asian Games  XVII/2018,Beregu Putra,Jonatan Christie,perak,
8,Bulutangkis,Asian Games  XVII/2018,Beregu Putri,Fitriani,perak,
8,Bulutangkis,Asian Games  XVII/2018,Beregu Putra,Jonatan Christie,perunggu,
8,Bulutangkis,Asian Games  XVII/2018,Beregu Putri,Fitriani,perunggu,
9,Golf,Kejurnas Golf Amatir 2018,Beregu Putra,Atlet Pelatda Golf DKI,emas,1
9,Golf,Kejurnas Golf Amatir 2018,Beregu Putri,Atlet Pelatda Golf DKI,emas,1
12,Golf,Southeast Asian Amateur Golf Team Championship 2018,Beregu,Atlet Golf Pelatda DKI,perak,1
12,Golf,Southeast Asian Amateur Golf Team Championship 2018,Beregu,Atlet Golf Pelatda DKI,emas,0
9,Golf,Kejurnas Golf Amatir 2018,Beregu Putra,Atlet Pelatda Golf DKI,perak,0
9,Golf,Kejurnas Golf Amatir 2018,Beregu Putri,Atlet Pelatda Golf DKI,perak,0
9,Golf,Kejurnas Golf Amatir 2018,Beregu Putra,Atlet Pelatda Golf DKI,perunggu,0
9,Golf,Kejurnas Golf Amatir 2018,Beregu Putri,Atlet Pelatda Golf DKI,perunggu,0
12,Golf,Southeast Asian Amateur Golf Team Championship 2018,Beregu,Atlet Golf Pelatda DKI,perunggu,0
11,Renang,Kejuaraan Renang Bulanan 2018,Various,Various,emas,168
11,Renang,Kejuaraan Renang Bulanan 2018,Various,Various,perak,168
11,Renang,Kejuaraan Renang Bulanan 2018,Various,Various,perunggu,168
11,Renang,Kejuaraan Renang Disabilitas 2018,Various,Atlet Disabilitas DKI,emas,60
11,Renang,Kejuaraan Renang Disabilitas 2018,Various,Atlet Disabilitas DKI,perak,60
11,Renang,Kejuaraan Renang Disabilitas 2018,Various,Atlet Disabilitas DKI,perunggu,60
10,Renang,Invitasi Renang DKI Jakarta 2018,Various,Various,emas,34
10,Renang,Invitasi Renang DKI Jakarta 2018,Various,Various,perak,34
10,Renang,Invitasi Renang DKI Jakarta 2018,Various,Various,perunggu,34
7,Renang,Kejurnas Antar PPLP/D 2018,Various,Atlet Renang PPOP,emas,8
7,Renang,Kejurnas Antar PPLP/D 2018,Various,Atlet Renang PPOP,perak,8
7,Renang,Kejurnas Antar PPLP/D 2018,Various,Atlet Renang PPOP,perunggu,6
8,Renang,Kejurnas Antar PPLP/D 2018,50 meter Gaya Dada Putra,Lutfi Lukman,emas,1
8,Renang,Kejurnas Antar PPLP/D 2018,100 meter Gaya Dada Putra,Lutfi Lukman,emas,1
8,Renang,Kejurnas Antar PPLP/D 2018,50 meter Gaya Kupu-kupu Putri,Ulya Mutiara,emas,1
8,Renang,Kejurnas Antar PPLP/D 2018,100 meter Gaya Kupu-kupu Putri,Ulya Mutiara,emas,1
8,Renang,Kejurnas Antar PPLP/D 2018,50 meter Gaya Dada Putri,Ulya Mutiara,emas,1
8,Renang,Kejurnas Antar PPLP/D 2018,200 meter Gaya Ganti Perorangan Putri,Ulya Mutiara,emas,1
8,Renang,Kejurnas Antar PPLP/D 2018,50 meter Gaya Dada Putri,Alvia Azzahra,emas,1
8,Renang,Kejurnas Antar PPLP/D 2018,100 meter Gaya Dada Putri,Alvia Azzahra,emas,1
9,Renang,Kejuaraan Renang Ganesha,50 meter Gaya Punggung Putra,La Ode Fikri,emas,1
9,Renang,Kejuaraan Renang Ganesha,100 meter Gaya Punggung Putra,La Ode Fikri,emas,1
9,Renang,Kejuaraan Renang Ganesha,200 meter Gaya Ganti Perorangan Putri,Widad Audir,emas,1
9,Renang,Kejuaraan Renang Ganesha,200 meter Gaya Ganti Perorangan Putra,M. Adlan Sumori,emas,1
9,Renang,Kejuaraan Renang Ganesha,100 meter Gaya Bebas Putri,Raissa,emas,1
9,Renang,Kejuaraan Renang Ganesha,50 meter Gaya Bebas Putri,Asih Setyorini,emas,1
8,Renang,Kejurnas Antar PPLP/D 2018,200 meter Gaya Ganti Perorangan Putra,Lutfi Lukman,perak,1
8,Renang,Kejurnas Antar PPLP/D 2018,50 meter Gaya Ganti Perorangan Putri,Alvia Azzahra,perak,1
8,Renang,Kejurnas Antar PPLP/D 2018,50 meter Gaya Dada Putri,Sasy Zahrani,perak,1
8,Renang,Kejurnas Antar PPLP/D 2018,100 meter Gaya Dada Putri,Sasy Zahrani,perak,1
8,Renang,Kejurnas Antar PPLP/D 2018,50 meter Gaya Kupu-kupu Putri,Aurel Thallah Devita,perak,1
8,Renang,Kejurnas Antar PPLP/D 2018,100 meter Gaya Kupu-kupu Putri,Aurel Thallah Devita,perak,1
8,Renang,Kejurnas Antar PPLP/D 2018,50 meter Gaya Punggung Putri,Aurel Thallah Devita,perak,1
9,Renang,Kejuaraan Renang Ganesha,200 meter Gaya Ganti Perorangan Putra,La Ode Fikri,perak,1
9,Renang,Kejuaraan Renang Ganesha,50 meter Gaya Ganti Perorangan Putri,Widad Audir,perak,1
9,Renang,Kejuaraan Renang Ganesha,100 meter Gaya Bebas Putri,Widad Audir,perak,1
9,Renang,Kejuaraan Renang Ganesha,100 meter Gaya Punggung Putri,Widad Audir,perak,1
9,Renang,Kejuaraan Renang Ganesha,50 meter Gaya Kupu-kupu Putri,Widad Audir,perak,1
9,Renang,Kejuaraan Renang Ganesha,100 meter Gaya Kupu-kupu Putra,M. Adlan Sumori,perak,1
9,Renang,Kejuaraan Renang Ganesha,50 meter Gaya Punggung Putra,Rico Zelmi,perak,1
9,Renang,Kejuaraan Renang Ganesha,100 meter Gaya Bebas Putri,Asih Setyorini,perak,1
9,Renang,Kejuaraan Renang Ganesha,50 meter Gaya Kupu-kupu Putri,Asih Setyorini,perak,1
9,Renang,Kejuaraan Renang Ganesha,200 meter Gaya Ganti Perorangan Putri,Asih Setyorini,perak,1
9,Renang,Kejuaraan Renang Ganesha,50 meter Gaya Punggung Putri,Nadia Sectio,perak,1
9,Renang,Kejuaraan Renang Ganesha,100 meter Gaya Punggung Putri ,Almira Pohaci,perak,1
9,Renang,Kejuaraan Renang Ganesha,100 meter Gaya Kupu-kupu Putri,Cintya Nariska,perak,1
8,Renang,Kejurnas Antar PPLP/D 2018,50 meter Gaya Kupu-kupu Putri,Alvia Azzahra,perunggu,1
8,Renang,Kejurnas Antar PPLP/D 2018,50 meter Gaya Bebas Putri,Aurel Thallah Devita,perunggu,1
8,Renang,Kejurnas Antar PPLP/D 2018,50 meter Gaya Kupu-kupu Putri,Sasy Zahrani,perunggu,1
8,Renang,Kejurnas Antar PPLP/D 2018,50 meter Gaya Bebas Putri,Sasy Zahrani,perunggu,1
8,Renang,Kejurnas Antar PPLP/D 2018,50 meter Gaya Punggung Putri,Desvita Sicilla Unu,perunggu,1
8,Renang,Kejurnas Antar PPLP/D 2018,100 meter Gaya Bebas Putri,Desvita Sicilla Unu,perunggu,1
9,Renang,Kejuaraan Renang Ganesha,100 meter Gaya Bebas Putra,Rico Zelmi,perunggu,1
9,Renang,Kejuaraan Renang Ganesha,200 meter Gaya Ganti Perorangan Putra,Rico Zelmi,perunggu,1
9,Renang,Kejuaraan Renang Ganesha,50 meter Gaya Punggung Putra,Jovanta AP,perunggu,1
9,Renang,Kejuaraan Renang Ganesha,100 meter Gaya Punggung Putra,Jovanta AP,perunggu,1
9,Renang,Kejuaraan Renang Ganesha,50 meter Gaya Dada Putri,Asih Setyorini,perunggu,1
9,Renang,Kejuaraan Renang Ganesha,100 meter Gaya Punggung Putri,Almira Pohaci,perunggu,1
9,Renang,Kejuaraan Renang Ganesha,50 meter Gaya Punggung Putri ,Almira Pohaci,perunggu,1
9,Renang,Kejuaraan Renang Ganesha,200 meter Gaya Ganti Perorangan Putri,Raissa,perunggu,1
9,Renang,Kejuaraan Renang Ganesha,200 meter Gaya Bebas Putri,Cintya Nariska,perunggu,1
8,Renang,Kejurnas Antar PPLP/D 2018,200 meter Gaya Ganti Perorangan Putra,Lutfi Lukman,emas,0
8,Renang,Kejurnas Antar PPLP/D 2018,50 meter Gaya Ganti Perorangan Putri,Alvia Azzahra,emas,0
8,Renang,Kejurnas Antar PPLP/D 2018,50 meter Gaya Dada Putri,Sasy Zahrani,emas,0
8,Renang,Kejurnas Antar PPLP/D 2018,100 meter Gaya Dada Putri,Sasy Zahrani,emas,0
8,Renang,Kejurnas Antar PPLP/D 2018,50 meter Gaya Kupu-kupu Putri,Aurel Thallah Devita,emas,0
8,Renang,Kejurnas Antar PPLP/D 2018,100 meter Gaya Kupu-kupu Putri,Aurel Thallah Devita,emas,0
8,Renang,Kejurnas Antar PPLP/D 2018,50 meter Gaya Punggung Putri,Aurel Thallah Devita,emas,0
8,Renang,Kejurnas Antar PPLP/D 2018,50 meter Gaya Kupu-kupu Putri,Alvia Azzahra,emas,0
8,Renang,Kejurnas Antar PPLP/D 2018,50 meter Gaya Bebas Putri,Aurel Thallah Devita,emas,0
8,Renang,Kejurnas Antar PPLP/D 2018,50 meter Gaya Kupu-kupu Putri,Sasy Zahrani,emas,0
8,Renang,Kejurnas Antar PPLP/D 2018,50 meter Gaya Bebas Putri,Sasy Zahrani,emas,0
8,Renang,Kejurnas Antar PPLP/D 2018,50 meter Gaya Punggung Putri,Desvita Sicilla Unu,emas,0
8,Renang,Kejurnas Antar PPLP/D 2018,100 meter Gaya Bebas Putri,Desvita Sicilla Unu,emas,0
9,Renang,Kejuaraan Renang Ganesha,200 meter Gaya Ganti Perorangan Putra,La Ode Fikri,emas,0
9,Renang,Kejuaraan Renang Ganesha,50 meter Gaya Ganti Perorangan Putri,Widad Audir,emas,0
9,Renang,Kejuaraan Renang Ganesha,100 meter Gaya Bebas Putri,Widad Audir,emas,0
9,Renang,Kejuaraan Renang Ganesha,100 meter Gaya Punggung Putri,Widad Audir,emas,0
9,Renang,Kejuaraan Renang Ganesha,50 meter Gaya Kupu-kupu Putri,Widad Audir,emas,0
9,Renang,Kejuaraan Renang Ganesha,100 meter Gaya Kupu-kupu Putra,M. Adlan Sumori,emas,0
9,Renang,Kejuaraan Renang Ganesha,50 meter Gaya Punggung Putra,Rico Zelmi,emas,0
9,Renang,Kejuaraan Renang Ganesha,100 meter Gaya Bebas Putri,Asih Setyorini,emas,0
9,Renang,Kejuaraan Renang Ganesha,50 meter Gaya Kupu-kupu Putri,Asih Setyorini,emas,0
9,Renang,Kejuaraan Renang Ganesha,200 meter Gaya Ganti Perorangan Putri,Asih Setyorini,emas,0
9,Renang,Kejuaraan Renang Ganesha,50 meter Gaya Punggung Putri,Nadia Sectio,emas,0
9,Renang,Kejuaraan Renang Ganesha,100 meter Gaya Punggung Putri ,Almira Pohaci,emas,0
9,Renang,Kejuaraan Renang Ganesha,100 meter Gaya Kupu-kupu Putri,Cintya Nariska,emas,0
9,Renang,Kejuaraan Renang Ganesha,100 meter Gaya Bebas Putra,Rico Zelmi,emas,0
9,Renang,Kejuaraan Renang Ganesha,200 meter Gaya Ganti Perorangan Putra,Rico Zelmi,emas,0
9,Renang,Kejuaraan Renang Ganesha,50 meter Gaya Punggung Putra,Jovanta AP,emas,0
9,Renang,Kejuaraan Renang Ganesha,100 meter Gaya Punggung Putra,Jovanta AP,emas,0
9,Renang,Kejuaraan Renang Ganesha,50 meter Gaya Dada Putri,Asih Setyorini,emas,0
9,Renang,Kejuaraan Renang Ganesha,100 meter Gaya Punggung Putri,Almira Pohaci,emas,0
9,Renang,Kejuaraan Renang Ganesha,50 meter Gaya Punggung Putri ,Almira Pohaci,emas,0
9,Renang,Kejuaraan Renang Ganesha,200 meter Gaya Ganti Perorangan Putri,Raissa,emas,0
9,Renang,Kejuaraan Renang Ganesha,200 meter Gaya Bebas Putri,Cintya Nariska,emas,0
8,Renang,Kejurnas Antar PPLP/D 2018,50 meter Gaya Dada Putra,Lutfi Lukman,perak,0
8,Renang,Kejurnas Antar PPLP/D 2018,100 meter Gaya Dada Putra,Lutfi Lukman,perak,0
8,Renang,Kejurnas Antar PPLP/D 2018,50 meter Gaya Kupu-kupu Putri,Ulya Mutiara,perak,0
8,Renang,Kejurnas Antar PPLP/D 2018,100 meter Gaya Kupu-kupu Putri,Ulya Mutiara,perak,0
8,Renang,Kejurnas Antar PPLP/D 2018,50 meter Gaya Dada Putri,Ulya Mutiara,perak,0
8,Renang,Kejurnas Antar PPLP/D 2018,200 meter Gaya Ganti Perorangan Putri,Ulya Mutiara,perak,0
8,Renang,Kejurnas Antar PPLP/D 2018,50 meter Gaya Dada Putri,Alvia Azzahra,perak,0
8,Renang,Kejurnas Antar PPLP/D 2018,100 meter Gaya Dada Putri,Alvia Azzahra,perak,0
8,Renang,Kejurnas Antar PPLP/D 2018,50 meter Gaya Kupu-kupu Putri,Alvia Azzahra,perak,0
8,Renang,Kejurnas Antar PPLP/D 2018,50 meter Gaya Bebas Putri,Aurel Thallah Devita,perak,0
8,Renang,Kejurnas Antar PPLP/D 2018,50 meter Gaya Kupu-kupu Putri,Sasy Zahrani,perak,0
8,Renang,Kejurnas Antar PPLP/D 2018,50 meter Gaya Bebas Putri,Sasy Zahrani,perak,0
8,Renang,Kejurnas Antar PPLP/D 2018,50 meter Gaya Punggung Putri,Desvita Sicilla Unu,perak,0
8,Renang,Kejurnas Antar PPLP/D 2018,100 meter Gaya Bebas Putri,Desvita Sicilla Unu,perak,0
9,Renang,Kejuaraan Renang Ganesha,50 meter Gaya Punggung Putra,La Ode Fikri,perak,0
9,Renang,Kejuaraan Renang Ganesha,100 meter Gaya Punggung Putra,La Ode Fikri,perak,0
9,Renang,Kejuaraan Renang Ganesha,200 meter Gaya Ganti Perorangan Putri,Widad Audir,perak,0
9,Renang,Kejuaraan Renang Ganesha,200 meter Gaya Ganti Perorangan Putra,M. Adlan Sumori,perak,0
9,Renang,Kejuaraan Renang Ganesha,100 meter Gaya Bebas Putri,Raissa,perak,0
9,Renang,Kejuaraan Renang Ganesha,50 meter Gaya Bebas Putri,Asih Setyorini,perak,0
9,Renang,Kejuaraan Renang Ganesha,100 meter Gaya Bebas Putra,Rico Zelmi,perak,0
9,Renang,Kejuaraan Renang Ganesha,200 meter Gaya Ganti Perorangan Putra,Rico Zelmi,perak,0
9,Renang,Kejuaraan Renang Ganesha,50 meter Gaya Punggung Putra,Jovanta AP,perak,0
9,Renang,Kejuaraan Renang Ganesha,100 meter Gaya Punggung Putra,Jovanta AP,perak,0
9,Renang,Kejuaraan Renang Ganesha,50 meter Gaya Dada Putri,Asih Setyorini,perak,0
9,Renang,Kejuaraan Renang Ganesha,100 meter Gaya Punggung Putri,Almira Pohaci,perak,0
9,Renang,Kejuaraan Renang Ganesha,50 meter Gaya Punggung Putri ,Almira Pohaci,perak,0
9,Renang,Kejuaraan Renang Ganesha,200 meter Gaya Ganti Perorangan Putri,Raissa,perak,0
9,Renang,Kejuaraan Renang Ganesha,200 meter Gaya Bebas Putri,Cintya Nariska,perak,0
8,Renang,Kejurnas Antar PPLP/D 2018,50 meter Gaya Dada Putra,Lutfi Lukman,perunggu,0
8,Renang,Kejurnas Antar PPLP/D 2018,100 meter Gaya Dada Putra,Lutfi Lukman,perunggu,0
8,Renang,Kejurnas Antar PPLP/D 2018,50 meter Gaya Kupu-kupu Putri,Ulya Mutiara,perunggu,0
8,Renang,Kejurnas Antar PPLP/D 2018,100 meter Gaya Kupu-kupu Putri,Ulya Mutiara,perunggu,0
8,Renang,Kejurnas Antar PPLP/D 2018,50 meter Gaya Dada Putri,Ulya Mutiara,perunggu,0
8,Renang,Kejurnas Antar PPLP/D 2018,200 meter Gaya Ganti Perorangan Putri,Ulya Mutiara,perunggu,0
8,Renang,Kejurnas Antar PPLP/D 2018,50 meter Gaya Dada Putri,Alvia Azzahra,perunggu,0
8,Renang,Kejurnas Antar PPLP/D 2018,100 meter Gaya Dada Putri,Alvia Azzahra,perunggu,0
8,Renang,Kejurnas Antar PPLP/D 2018,200 meter Gaya Ganti Perorangan Putra,Lutfi Lukman,perunggu,0
8,Renang,Kejurnas Antar PPLP/D 2018,50 meter Gaya Ganti Perorangan Putri,Alvia Azzahra,perunggu,0
8,Renang,Kejurnas Antar PPLP/D 2018,50 meter Gaya Dada Putri,Sasy Zahrani,perunggu,0
8,Renang,Kejurnas Antar PPLP/D 2018,100 meter Gaya Dada Putri,Sasy Zahrani,perunggu,0
8,Renang,Kejurnas Antar PPLP/D 2018,50 meter Gaya Kupu-kupu Putri,Aurel Thallah Devita,perunggu,0
8,Renang,Kejurnas Antar PPLP/D 2018,100 meter Gaya Kupu-kupu Putri,Aurel Thallah Devita,perunggu,0
8,Renang,Kejurnas Antar PPLP/D 2018,50 meter Gaya Punggung Putri,Aurel Thallah Devita,perunggu,0
9,Renang,Kejuaraan Renang Ganesha,50 meter Gaya Punggung Putra,La Ode Fikri,perunggu,0
9,Renang,Kejuaraan Renang Ganesha,100 meter Gaya Punggung Putra,La Ode Fikri,perunggu,0
9,Renang,Kejuaraan Renang Ganesha,200 meter Gaya Ganti Perorangan Putri,Widad Audir,perunggu,0
9,Renang,Kejuaraan Renang Ganesha,200 meter Gaya Ganti Perorangan Putra,M. Adlan Sumori,perunggu,0
9,Renang,Kejuaraan Renang Ganesha,100 meter Gaya Bebas Putri,Raissa,perunggu,0
9,Renang,Kejuaraan Renang Ganesha,50 meter Gaya Bebas Putri,Asih Setyorini,perunggu,0
9,Renang,Kejuaraan Renang Ganesha,200 meter Gaya Ganti Perorangan Putra,La Ode Fikri,perunggu,0
9,Renang,Kejuaraan Renang Ganesha,50 meter Gaya Ganti Perorangan Putri,Widad Audir,perunggu,0
9,Renang,Kejuaraan Renang Ganesha,100 meter Gaya Bebas Putri,Widad Audir,perunggu,0
9,Renang,Kejuaraan Renang Ganesha,100 meter Gaya Punggung Putri,Widad Audir,perunggu,0
9,Renang,Kejuaraan Renang Ganesha,50 meter Gaya Kupu-kupu Putri,Widad Audir,perunggu,0
9,Renang,Kejuaraan Renang Ganesha,100 meter Gaya Kupu-kupu Putra,M. Adlan Sumori,perunggu,0
9,Renang,Kejuaraan Renang Ganesha,50 meter Gaya Punggung Putra,Rico Zelmi,perunggu,0
9,Renang,Kejuaraan Renang Ganesha,100 meter Gaya Bebas Putri,Asih Setyorini,perunggu,0
9,Renang,Kejuaraan Renang Ganesha,50 meter Gaya Kupu-kupu Putri,Asih Setyorini,perunggu,0
9,Renang,Kejuaraan Renang Ganesha,200 meter Gaya Ganti Perorangan Putri,Asih Setyorini,perunggu,0
9,Renang,Kejuaraan Renang Ganesha,50 meter Gaya Punggung Putri,Nadia Sectio,perunggu,0
9,Renang,Kejuaraan Renang Ganesha,100 meter Gaya Punggung Putri ,Almira Pohaci,perunggu,0
9,Renang,Kejuaraan Renang Ganesha,100 meter Gaya Kupu-kupu Putri,Cintya Nariska,perunggu,0
1,Sepakbola,Turnamen Boots Sportsfix Super Cup 2018,Beregu,Persija Jakarta,emas,1
2,Sepakbola,Piala Presiden 2018,Sepakbola,Persija Jakarta,emas,1
11,Sepakbola,Java-Bali Cup Open 5 A-Side Football Tournament,Beregu,Atlet Sepakbola Pelatda DKI,emas,1
7,Sepakbola,Kejurnas Antar PPLP/D 2019,Beregu,Atlet PPOP DKI,perak,1
9,Sepakbola,Asian School Football India,Beregu,Atlet Sepakbola PPOP,perak,1
7,Sepakbola,Kejurnas Antar PPLP/D 2019,Beregu,Atlet PPOP DKI,emas,0
9,Sepakbola,Asian School Football India,Beregu,Atlet Sepakbola PPOP,emas,0
1,Sepakbola,Turnamen Boots Sportsfix Super Cup 2018,Beregu,Persija Jakarta,perak,0
2,Sepakbola,Piala Presiden 2018,Sepakbola,Persija Jakarta,perak,0
11,Sepakbola,Java-Bali Cup Open 5 A-Side Football Tournament,Beregu,Atlet Sepakbola Pelatda DKI,perak,0
1,Sepakbola,Turnamen Boots Sportsfix Super Cup 2018,Beregu,Persija Jakarta,perunggu,0
2,Sepakbola,Piala Presiden 2018,Sepakbola,Persija Jakarta,perunggu,0
7,Sepakbola,Kejurnas Antar PPLP/D 2019,Beregu,Atlet PPOP DKI,perunggu,0
9,Sepakbola,Asian School Football India,Beregu,Atlet Sepakbola PPOP,perunggu,0
11,Sepakbola,Java-Bali Cup Open 5 A-Side Football Tournament,Beregu,Atlet Sepakbola Pelatda DKI,perunggu,0
7,Tenis,Tennis Thamrin Cup 2018,Various,Atlet Tenis Pelatda DKI,emas,20
7,Tenis,Tennis Thamrin Cup 2018,Various,Atlet Tenis Pelatda DKI,perak,20
7,Tenis,Tennis Thamrin Cup 2018,Various,Atlet Tenis Pelatda DKI,perunggu,20
8,Tenis,Asian Games  XVII/2018,Ganda Campuran,Christopher Rungkat,emas,1
8,Tenis,Asian Games  XVII/2018,Ganda Campuran,Christopher Rungkat,perak,0
8,Tenis,Asian Games  XVII/2018,Ganda Campuran,Christopher Rungkat,perunggu,0
11,Tenis Meja,ITTF Para Copa Tango Argentina 2018,Various,Atlet Disabilitas DKI,emas,5
11,Tenis Meja,Kejurnas Tenis Meja 2018,Various,Atlet Tenis Meja Pelatda DKI,perunggu,5
11,Tenis Meja,Kejurnas Tenis Meja 2018,Various,Atlet Tenis Meja Pelatda DKI,emas,3
11,Tenis Meja,ITTF Para Spanish Open 2018,Various,Atlet Disabilitas DKI,emas,3
11,Tenis Meja,ITTF Para Copa Tango Argentina 2018,Various,Atlet Disabilitas DKI,perunggu,3
11,Tenis Meja,ITTF Para Spanish Open 2018,Various,Atlet Disabilitas DKI,perak,2
11,Tenis Meja,ITTF Para Copa Tango Argentina 2018,Various,Atlet Disabilitas DKI,perak,2
5,Tenis Meja,Kejuaraan Jurnalis Cup 2018,Tunggal Putra,Fernando,emas,1
5,Tenis Meja,Kejuaraan Jurnalis Cup 2018,Tunggal Putri,Desi Rahmadanti,emas,1
5,Tenis Meja,Kejuaraan Kepri Open 2018,Beregu Putra,David Jacob dan Fernando Palar,emas,1
8,Tenis Meja,Kejurnas Antar PPLP/D 2018,Beregu Putra,Atlet Bola Voli PPOP,perak,1
11,Tenis Meja,Kejurnas Tenis Meja 2018,Various,Atlet Tenis Meja Pelatda DKI,perak,1
8,Tenis Meja,Kejurnas Antar PPLP/D 2018,Beregu Putri,Atlet Bola Voli PPOP,perunggu,1
11,Tenis Meja,ITTF Para Spanish Open 2018,Various,Atlet Disabilitas DKI,perunggu,1
8,Tenis Meja,Kejurnas Antar PPLP/D 2018,Beregu Putra,Atlet Bola Voli PPOP,emas,0
8,Tenis Meja,Kejurnas Antar PPLP/D 2018,Beregu Putri,Atlet Bola Voli PPOP,emas,0
5,Tenis Meja,Kejuaraan Jurnalis Cup 2018,Tunggal Putra,Fernando,perak,0
5,Tenis Meja,Kejuaraan Jurnalis Cup 2018,Tunggal Putri,Desi Rahmadanti,perak,0
5,Tenis Meja,Kejuaraan Kepri Open 2018,Beregu Putra,David Jacob dan Fernando Palar,perak,0
8,Tenis Meja,Kejurnas Antar PPLP/D 2018,Beregu Putri,Atlet Bola Voli PPOP,perak,0
5,Tenis Meja,Kejuaraan Jurnalis Cup 2018,Tunggal Putra,Fernando,perunggu,0
5,Tenis Meja,Kejuaraan Jurnalis Cup 2018,Tunggal Putri,Desi Rahmadanti,perunggu,0
5,Tenis Meja,Kejuaraan Kepri Open 2018,Beregu Putra,David Jacob dan Fernando Palar,perunggu,0
8,Tenis Meja,Kejurnas Antar PPLP/D 2018,Beregu Putra,Atlet Bola Voli PPOP,perunggu,0
